timestamp,x,y,z,vx,vy,vz
1560500330.271961,0.00344813828015373,0.3453249060376056,0.027425230786508086,0.012290316231074148,0.34260448038257135,-0.031926960328256114
1560500330.4023728,0.03911253220382064,0.38665436643102674,0.015635078088953196,0.17611071662545721,0.1359575133797231,-0.1011809245768835
1560500330.6669412,0.12013330284987846,0.42035888937989313,0.02855215583667968,0.26840320187353417,0.027310364780461352,0.11351679867457376
1560500330.7335792,0.1860136638213374,0.40287109775559166,0.03627031814063486,0.3185879849883354,-0.06559691971049139,0.06471751344861858
1560500330.8653374,0.21980664401928948,0.3863203945153374,0.044387822506442146,0.35572317797360126,-0.09232393050898544,0.0092111272399081
1560500331.0634115,0.23604203120769096,0.34685682432345943,0.04657790214140442,0.34102365348932717,-0.28754956250351416,-0.01600619600483128
1560500331.1946568,0.27005245313511045,0.3062996858873377,0.046800211777997966,0.361051457666879,-0.34520403991141835,-0.012838105774672207
1560500331.260127,0.2808434278818751,0.2847957123089513,0.04609698769279976,0.3739662939636225,-0.358673654758736,-0.05784092604869879
1560500331.3912027,0.3180581716164343,0.23183081305761116,0.035978927660238955,0.4219644171093537,-0.4965308308456784,-0.12047770219468522
1560500331.4558313,0.3303587594201475,0.19834233647171887,0.026420939707724817,0.4307987770206573,-0.5776167454354169,-0.16206037108767565
1560500331.520875,0.34139613153476434,0.16437678642251827,0.014384215639600385,0.426577682108995,-0.6410445481272194,-0.18710164061523535
1560500331.8416424,0.4013453431446264,-0.017633329722323288,-0.04838105433176398,0.4163847878271414,-0.8641409192421561,-0.21524050453455368
1560500332.102914,0.5133408960513548,-0.25131564485670327,-0.09742102186569436,0.5112914239876242,-1.107059333748194,-0.30578533284057635
1560500332.3014343,0.5892223838554201,-0.42224682669942565,-0.13078267920942444,0.563898021543795,-1.2641969620717182,-0.3271243145264942
1560500332.366885,0.6187099519254193,-0.4569412545031391,-0.14055492258276253,0.5823291968614444,-1.2731786820782007,-0.3333434440159457
1560500332.4329689,0.6646709669062274,-0.49449662041448567,-0.1591385536681592,0.6309828136224199,-1.269011730413634,-0.3418691853727351
1560500332.629385,0.8068389938770492,-0.7706131272924546,-0.24635432157302406,0.768474520924902,-1.5427047522503825,-0.44487934342079627
1560500332.8266714,0.9984581060043611,-1.0606435949436113,-0.34096625457011975,0.9328383544986825,-1.7968669744755021,-0.5165340257900168
1560500344.9793117,1.3053369846600036,-1.1479350347580477,0.053670424112892315,0.17404189358429423,-0.06799457855865679,-0.01605195864318125
1560500345.4421222,1.4747822665956163,-1.2251975800273747,0.02230281336893608,0.11916432893636862,-0.17207063843751336,-3.3374101236465902e-06
1560500345.6447194,1.74695725646294,-1.3042032509256491,0.040867441088285716,0.2225726565805162,-0.2110782566004693,0.016486880290379664
1560500345.781868,1.9623221220789349,-1.3652423119793504,0.04550986008436871,0.351139840636466,-0.2821220059278412,-0.10070640914663638
1560500345.9173474,2.39142177669399,-1.4524734496362322,0.05787563177830855,0.6348944389531798,-0.3186573492035848,-0.08632346772300765
1560500346.0550227,2.6741386237892963,-1.472317571441337,0.10396954537885392,0.7748988706338105,-0.2672124303275329,0.13190692440885318
1560500346.1903596,3.0132932069670275,-1.559871972753828,0.12552107833477436,0.9685267683131291,-0.30723628613166093,0.13928587617381913
1560500346.3219898,3.206233388683554,-1.5793611813638035,0.1221102536456575,1.0662067650086646,-0.2890986112517737,-0.04474916943972983
1560500346.5202813,3.5046691312106684,-1.6487902560290069,0.1222522961895952,1.1557972294162329,-0.30398761400027186,0.018081177272325145
1560500346.5872693,3.706626291164872,-1.6975635645479854,0.14034166490595118,1.2722989669621023,-0.33882130285983314,0.11560266962861136
1560500346.7881024,3.952888680341621,-1.748860197683975,0.16822425359375148,1.285875655632379,-0.30271498357662585,0.13614500318830927
1560500346.9233308,4.168788806159932,-1.7880752722658855,0.1782811346380476,1.3525940967903658,-0.2855708537567551,0.11849621474060519
1560500346.9918165,4.310215816500019,-1.8171722189450894,0.18046089879683366,1.4211607424489627,-0.2921053649194859,0.10523757137796264
1560500347.1277652,4.500289427824105,-1.8598398845403823,0.1711606169022432,1.4614605722346563,-0.29690012602772686,0.06794442715312995
1560500347.3929694,4.967807372001159,-1.954632920394158,0.1743303572129754,1.6198724233749202,-0.3057996830325214,0.009293118369004452
1560500347.5225523,5.212029529661632,-2.0115999403843086,0.18407801663942994,1.6768711920522072,-0.31901537904172106,0.030613305611635045
1560500347.6533496,5.434839431427424,-2.059103140327383,0.18761600060673447,1.7077715888630252,-0.315346016391931,0.03858512348005028
1560500347.9194114,5.912456005108677,-2.159067616385471,0.18796995297866811,1.7778603573767564,-0.3308179274374848,0.0420311601365625
1560500348.1546826,6.343596806367126,-2.2512771109465306,0.18885467288772467,1.866940171956112,-0.3338761163231462,-0.046635111676915655
1560500348.3783834,6.765891165583161,-2.3411638093546348,0.19862358960692367,1.88654943181913,-0.3477649820148635,0.08826804756355354
1560500348.6052845,7.203911595188375,-2.431846945451775,0.21497388440681248,1.9458746223107055,-0.3734255771328149,0.03250483758280852
1560500348.71822,7.398815733108992,-2.479392929095737,0.22569867342479208,1.9452199981879585,-0.3915388851272092,0.031557407017185804
1560500348.9172587,7.760982431746142,-2.558676125324262,0.2419658437572453,1.926454806956155,-0.4127546535895054,0.1229626647047511
1560500349.1169672,8.166685248254069,-2.6487114911303897,0.2593491232900724,1.9829536998539032,-0.42024252826329456,0.04865378232655448
1560500349.2516234,8.446854985791415,-2.7198990367372162,0.2655149745034491,2.03237419291949,-0.4277721345420196,-0.04312169017011438
1560500349.4518669,8.85423169639271,-2.802371858545042,0.2847622629181189,2.0191909788835107,-0.4031838307020594,0.19104505465130367
1560500349.7193568,9.451685624708373,-2.922809125893988,0.3420802199507902,2.086331036935995,-0.35790755970691557,0.171899481702653
1560500349.9853396,10.043937652536902,-3.0399812382461393,0.3889001164149123,2.139589477724884,-0.3260505713564292,0.1972500579254391
1560500350.2545762,10.653588763741615,-3.132789491083128,0.44111662966620774,2.231297161127897,-0.2627580663127995,0.12282448582539678
1560500350.4014738,11.034551842748492,-3.1871556311552864,0.44299821200660394,2.3090820470066147,-0.25961061593689716,0.09983718205615373
1560500350.4819767,11.393663261984681,-3.294208376686268,0.41595736509195963,2.4607436499994364,-0.32907065886188125,0.08419282575363302
1560500350.7019508,12.038162822658244,-3.4431236461222867,0.4707147674254989,2.5750200727605868,-0.3655974060347214,0.12531093484065645
1560500350.850676,12.461157124638016,-3.5431456528862797,0.4980945733338033,2.596050659399283,-0.3905115447096837,0.23475879295376592
1560500350.9866326,12.89258987036131,-3.6376528739552434,0.5126770961041567,2.6769731335249216,-0.3997027354560813,0.1937453735563725
1560500351.0524278,13.106704158477093,-3.6874291202021627,0.5175092796509729,2.7289270485021886,-0.4202452819457339,0.1452982840987763
1560500351.184626,13.543539871788225,-3.76643514727609,0.5240860317432205,2.8218685805015196,-0.42702139335619016,0.15024816416483244
1560500351.3805008,14.185929440195899,-3.8836423900521626,0.5353842109109156,2.948695562922395,-0.43504544415390645,0.12470301426547646
1560500351.5121007,14.63453767681412,-3.965943575542035,0.5485733470639581,3.0316391957099533,-0.4508581533980487,0.11526274571469451
1560500351.7086613,15.41241840107351,-4.11207745816354,0.5546280484081546,3.227196481906321,-0.48828006915934663,0.11730622423131322
1560500351.9117386,16.108300745084094,-4.237495085825133,0.5714587420674122,3.2979314717458625,-0.48644703006207773,0.10943191037966912
1560500352.112658,16.751869878678082,-4.361873474498192,0.583462519666571,3.312520279244024,-0.48338613506634887,0.10296080662572746
1560500352.245402,17.10017640309452,-4.424435156413089,0.5979837765697262,3.2623928230784403,-0.4624390026101305,0.09293360808542071
1560500352.3105009,17.362481082190612,-4.483113221860731,0.5950306732015367,3.330705979020098,-0.4755181544948259,0.07246970452796021
1560500352.376456,17.611366452467138,-4.5309779485140504,0.5971977247500689,3.37786093009392,-0.49537516179268026,0.057361889525198176
1560500352.5094872,18.069686136330557,-4.615058254058386,0.6082565407801075,3.4110704509431993,-0.5070147056851037,0.08903461274500096
1560500352.639771,18.549416818961237,-4.71014325389864,0.6209107638085726,3.4711034593196657,-0.5085891514740131,0.11078071272424948
1560500352.7039845,18.768732550083804,-4.762676609802162,0.6303496734944534,3.4725071324559744,-0.5379831799261231,0.12334886077440023
1560500352.83195,19.196508912697418,-4.841300896956056,0.6483669310541023,3.493548960677706,-0.5177072153384712,0.0830448731391415
1560500353.0290399,19.890897561762372,-4.956893413934571,0.6586288600355436,3.5449950409519926,-0.5464339175193891,0.08549857756112703
1560500353.226606,20.61455846296217,-5.080413637400983,0.6679257552330391,3.6217758654279364,-0.5508041943123876,0.04914373324440823
1560500353.35918,21.123390905634054,-5.1733859091479815,0.6737865678118787,3.6730887891963344,-0.5560134075001435,0.12807651814349372
1560500353.4257677,21.400874413512486,-5.240796961326545,0.6741409530878989,3.7259999586598465,-0.6016110626088761,0.16368740061088274
1560500353.4929414,21.67717764814983,-5.3011705434928205,0.6727800438411351,3.780540832147663,-0.6199211673413203,0.12556979556559683
1560500353.5590086,21.916477221490474,-5.356199798994305,0.6682146169743474,3.79105584751464,-0.6317158678625714,0.0662216802441922
1560500353.6264682,22.077339031036217,-5.3939190429626604,0.6601109758921586,3.7065548959102887,-0.6182314969267945,-0.017568030810186642
1560500353.6926973,22.31234142073375,-5.437630106209615,0.6567410426907302,3.709424291925198,-0.6166742347870163,-0.024767857140364703
1560500353.7580464,22.550552813481556,-5.479908628920107,0.6605567537112905,3.712041883574969,-0.6197397578960079,0.02412477010794048
1560500353.758137,22.550731606278802,-5.48091785949835,0.6624272853461189,3.7113275566292043,-0.6221920537630247,0.028449088509643915
1560500353.823671,22.79364328499274,-5.523864034520676,0.6667106424289103,3.7262330768735774,-0.6241253068187504,0.060429212116197346
1560500353.8908672,23.042868708578474,-5.569432650782649,0.6726563675779554,3.734659227242115,-0.6256005496381354,0.11485594606721126
1560500353.9565263,23.288485450272283,-5.613001779816546,0.6799016632016699,3.7522781358042807,-0.6245876491943134,0.13055693206953822
1560500354.023787,23.54175176836112,-5.658099554915915,0.6843862135260061,3.767856559998663,-0.6491062217270033,0.127124123993981
1560500354.1578875,24.051042649630222,-5.74575612124726,0.6941356789067938,3.824456006391846,-0.6104059221627378,0.06300220778385902
1560500354.2934325,24.575823606619636,-5.832433058297294,0.6961082245461466,3.889277801931401,-0.6219076035781862,0.013183432325936809
1560500354.5652127,25.654969372095906,-5.9984332439167085,0.6934307373578797,4.008032983883491,-0.5952326798573139,0.021393645014237232
1560500354.7636445,26.5167432251055,-6.129030037720801,0.7065552579441731,4.136885510021673,-0.5888413825058011,0.07535916917457024
1560500354.895667,27.080649254877958,-6.2138653452125885,0.7111276779277178,4.214395986920911,-0.5733700568728256,0.02389551236236829
1560500355.0942721,27.9397776615868,-6.337749807012649,0.713536539224189,4.317320575067767,-0.5790391489531715,0.003902993473051613
1560500355.1595218,28.24838863438228,-6.391379876985094,0.7152583483567321,4.37138230868805,-0.5952986646057885,0.01390348882367283
1560500355.2931995,28.864638147741537,-6.48641667620531,0.7137400310705307,4.452063860556458,-0.6048227185797708,0.006590945098304797
1560500355.3603117,29.193218533126053,-6.537755861829966,0.7150653869676796,4.502218125203673,-0.6258035364468104,0.04501426780129172
1560500355.4272287,29.509899129319766,-6.592863058300049,0.7199048311695345,4.541350804262597,-0.6285738109152609,0.04883391754614359
1560500355.4940014,29.812468551361146,-6.646221135910611,0.7245373461745116,4.565535860285449,-0.6346205518631984,0.02738525938574336
1560500355.5605938,30.113019159254364,-6.699885898831941,0.7300976868285295,4.578852074919202,-0.6580707228640947,0.06423558651866325
1560500355.6941454,30.7191199898399,-6.796127404750898,0.7423053783008084,4.61005726710248,-0.6466912010251258,0.11202926513640533
1560500355.7615907,31.028304092439182,-6.846527327072696,0.7480104110653764,4.630738862141097,-0.6538982623895643,0.09349260547918155
1560500355.963663,31.974375016763638,-6.98688370776678,0.7596471088405757,4.711280689153317,-0.6733873618190995,0.03358898766334126
1560500356.0988338,32.62277640329531,-7.085863079740412,0.7549436515815096,4.765291118003985,-0.6767318907830029,0.008632169908501398
1560500356.305334,33.61009821571281,-7.228925917574768,0.7545709956212378,4.804476239231694,-0.6654475409285531,0.019615763459129024
1560500356.438804,34.25159102083734,-7.327911368903145,0.7469298352966142,4.813173488844314,-0.6737434038473568,-0.0010817515915154475
1560500356.5708747,34.86891622418312,-7.432991186490266,0.7412164799832757,4.808903717693397,-0.691314082768981,-0.01668590183504382
1560500356.6335752,35.181005850044784,-7.49139712174977,0.7381934847065059,4.821404859244451,-0.7026103102046759,-0.010342050281465112
1560500356.69883,35.498865539395496,-7.54841509320621,0.7377520333648981,4.831426093940192,-0.6990425029150322,-0.008189801164032767
1560500356.7653217,35.83901932872011,-7.607921237724156,0.7304565731967245,4.853840848813962,-0.7130979591732292,-0.0018740038399192686
1560500356.896578,36.46724416023769,-7.7064909599444285,0.7299281888005114,4.832122726656068,-0.7085667656098396,-0.02422273609048703
1560500356.9627326,36.77350624707172,-7.760923720703117,0.7352441003767792,4.800113810102815,-0.71739305387651,0.013800720961221974
1560500357.029457,37.07878464964701,-7.810166281242371,0.7431255886795863,4.7566889525146125,-0.7224020359717096,0.055537481464551244
1560500357.0956933,37.39028844528022,-7.8594354090339245,0.7504875180370821,4.730988952728882,-0.7227067665540877,0.08572731551049526
1560500357.2278078,38.01769001941393,-7.95542037798468,0.7591300911432727,4.702844333546287,-0.7055643769728444,0.08358670776375694
1560500357.227969,38.00944523588153,-7.953884545828251,0.7704865311947808,4.682588784128501,-0.7016649876003959,0.10236134753284575
1560500357.360046,38.62264831713596,-8.049030206104659,0.7835979540386689,4.651305793006786,-0.7083938408359758,0.03873736768239735
1560500359.0285,46.06422782066669,-9.183447605479447,0.6022865795023769,4.162624208974016,-0.6879791342624813,-0.320618451539413
1560500359.0957391,46.215755756356785,-9.192203214069712,0.5348527085284163,3.9724170514700154,-0.6453548301792451,-0.35941716306199806
1560500359.232378,46.60895878038864,-9.245707613075231,0.5214330227571423,3.7131305678843214,-0.6423597494418061,-0.2140729325116456
1560500359.3027222,46.5758010592062,-9.282934906294932,1.0438121333875598,3.317126480477328,-0.6610755474806735,0.3015045616611287
1560500359.4364116,46.9728819171673,-9.365203515057713,1.0178010957160721,3.1928040647105127,-0.667004389121823,0.18567133986382228
1560500359.5028684,47.11545886899678,-9.382235339070808,1.0128208821787705,3.0960928829525916,-0.6557517282904994,0.1441500649072851
1560500359.6339376,47.71494039910192,-9.477018334294181,1.0144429300288205,3.131968791608074,-0.6813781673302609,0.14206849038679636
1560500359.7001405,47.97878775956067,-9.52969620238534,1.0379563820317534,3.1340882039294446,-0.7017207305346418,0.13437292018429567
1560500359.8322895,48.47393206653773,-9.631183200987389,1.0563971857589363,3.1576722276555182,-0.714738624960033,0.1543909914237239
1560500359.8984149,48.74346011767447,-9.684520812608195,1.0706163656544168,3.185669637282224,-0.7285095497976877,0.16797548613896646
1560500360.0307043,49.47412727579919,-9.827591342033955,1.1088282865416597,3.5051628321940167,-0.7843147377364352,0.22392600717299085
1560500360.0963287,49.78606859989793,-9.887268207121096,1.1363198679816913,3.58270394425545,-0.7876993853028573,0.22927682757709647
1560500360.230419,50.26105613185808,-9.993427686886774,1.163050058810815,3.5007536583217767,-0.794784941552044,0.18971252887024959
1560500360.2984161,50.60422925824791,-10.056921553925553,1.1826754991151687,3.6116894745029846,-0.8055287093769397,0.20250427998587298
1560500360.4973848,51.32125341128297,-10.217291516447935,1.2215673309558701,3.5142905026012787,-0.8121889164547422,0.2011288885298329
1560500360.5634422,51.560121800489156,-10.268226086523137,1.2342849384129722,3.486702938867636,-0.7974424674280471,0.20693909439275623
1560500360.6300611,51.84285558921947,-10.310185901610469,1.2445440303435227,3.524986283023352,-0.7769528448241654,0.21646752425439228
1560500360.6963568,52.084144617788894,-10.345573990470292,1.2551283067391386,3.510492019408057,-0.7495129550193997,0.1954963697462619
1560500360.8302405,52.5547679682789,-10.429048275677617,1.273538160111106,3.4670490837943126,-0.7054734481540785,0.16106214286631562
1560500360.8965702,52.72541715322926,-10.449332295803954,1.2710423477766413,3.346788390447448,-0.6615628222759228,0.14509070987929412
1560500361.029866,53.25523070294051,-10.53362272429436,1.2811874530255292,3.388852246098308,-0.6282520932718071,0.13904483408572857
1560500361.1640875,53.65099493863702,-10.598744082018015,1.2909905560702464,3.271011991009577,-0.5986481013334687,0.09970448740636145
1560500361.2320511,53.87518731914574,-10.633085418979972,1.2918915243637454,3.254247473158878,-0.5809076390715692,0.10030204365134136
1560500361.3667526,54.34688359243852,-10.709723652422202,1.3050425833497226,3.2348021201928234,-0.5737547249580465,0.09304916956372064
1560500361.4335406,54.61190996987247,-10.750042071933866,1.3120241736723146,3.280847380995748,-0.5823122371854421,0.0958118586669158
1560500361.4994862,54.85844283291024,-10.787024827447375,1.3201177039105518,3.307272307346474,-0.565459637727292,0.08315387400360809
1560500361.6329257,55.291605508612776,-10.861127209965954,1.3318114367410727,3.2325699052764336,-0.5560039932162895,0.09539995495763448
1560500361.6983738,55.51911991765573,-10.899081571416714,1.3408798602264551,3.222259277439756,-0.5565027026676305,0.07152834459447416
1560500361.8306005,55.96954943827758,-10.980153480216105,1.352989505306194,3.189027322385423,-0.5501316036345127,0.05839724674468304
1560500361.896921,56.17468669027613,-11.015794174193331,1.358177493238738,3.1399073107913456,-0.5362093495887699,0.055411398893168956
1560500362.0293133,56.585954784045896,-11.088154635514869,1.3698803328284799,3.0181335000071323,-0.537881659568098,0.09732908854050971
1560500362.095235,56.82091558750469,-11.131575718364598,1.3829542688768457,3.0117153057518764,-0.53807156104154,0.12677570333403698
1560500362.227437,57.26090337150966,-11.2124646120967,1.4019517132170514,2.9586856485800506,-0.5223359114192669,0.10688490383111815
1560500362.2937138,57.50320133212525,-11.258387711404959,1.4096362158391744,2.9699592393179755,-0.532822934468524,0.09179707124441644
1560500362.4259334,57.92986104994271,-11.336671530787271,1.4187536229925857,2.8904101296086826,-0.5444931549511723,0.02494615299015916
1560500362.4926178,58.17745443100319,-11.382702487852413,1.4223872239976643,2.8957104869559185,-0.5280023497314369,0.040205301316543506
1560500362.7600167,58.96494411613853,-11.519842038015689,1.4405276270791676,2.643913723712896,-0.4769591940737156,0.09067617132689203
1560500362.8269727,59.18818829101058,-11.560521635547085,1.4462252190982827,2.650888967387292,-0.45045925815441923,0.010198996879358995
1560500362.8931096,59.38320922473434,-11.59551242739731,1.4484724978870271,2.6177350186616626,-0.444659655456017,-0.012112082651499063
1560500363.0257318,59.86761975880818,-11.684900325418111,1.446835164215028,2.6471722481651,-0.4773526203643215,-0.00505789604821533
1560500363.1594589,60.20539714333588,-11.74411011875039,1.4497062578535398,2.489598000675077,-0.4306033790335479,0.023225997995341825
1560500363.2966402,60.5661975413745,-11.802772235482983,1.452323497105693,2.377313519107371,-0.4164139424931237,0.023465211278337485
1560500363.364973,60.75005619868163,-11.831188917685296,1.4496386261812428,2.349139962133089,-0.3997023306034412,-0.017808491889762437
1560500363.6308954,61.40005628572158,-11.93699188039564,1.423563480865369,2.130292124771529,-0.34890098769158095,-0.11711711986607111
1560500363.6981928,61.54528294054316,-11.960583643311281,1.4173723347891354,2.0448952214543414,-0.3355063720935752,-0.07980799762102257
1560500363.8329992,61.87363314969301,-12.011296808248709,1.4183482530637233,1.9330378339329342,-0.2984347730114835,0.03642576317848958
1560500364.0324125,62.2597521189025,-12.067804965113485,1.42340255280863,1.7210212222664771,-0.24769853537175235,-0.024421635806081875
1560500364.1654286,62.664968883870834,-12.126937586624123,1.421635970959688,1.7232348097031518,-0.22979441078981802,-0.05339426168142096
1560500364.3653605,63.03190201754388,-12.175216734950196,1.4078602259427682,1.5283238161155535,-0.17608715714637965,-0.08645810160198823
1560500364.565611,63.534479629051255,-12.231587445068028,1.4015981158865654,1.4732964930049046,-0.1186977134160574,-0.02689037645692918
1560500364.6348238,63.76611905918667,-12.251003303346907,1.4034637734411606,1.513143014821981,-0.11325322561217453,-0.04200706961881119
1560500364.8344395,64.24566259195338,-12.290329616979754,1.4011217451920233,1.452568642489051,-0.05148973201354564,-0.07914968892863411
1560500365.032926,64.68155622069196,-12.308367147512897,1.3963279320201212,1.3782059959952273,0.031809877255553946,-0.08704307714692754
1560500365.1656578,64.98779000951072,-12.305885385305142,1.395813424467789,1.3734152094400676,0.11032157322718855,-0.0630250518202103
1560500365.2989442,65.1879572006028,-12.285795031426462,1.3937866321984063,1.289956662042756,0.19921996146049809,-0.006676956725751432
1560500365.5656054,65.6314633755849,-12.196246161510214,1.4069562655672172,1.229684804621277,0.42775055821202734,-0.014366539957677161
1560500365.901147,66.14150234865416,-11.98733667427676,1.4141435281527315,1.1308194455696237,0.725377404152307,-0.01511847118867971
1560500366.3021665,67.29825991684454,-11.429955833211976,1.480329393928467,1.2091771182404505,1.287777474377904,0.011668993749004137
1560500366.9033628,67.79048798618315,-10.477237349463987,1.505247825408016,0.39561321264018645,1.852587498007629,0.03714472966936073
1560500367.035628,67.84623769639174,-10.156468793392065,1.5194239004159331,0.23801206499494515,1.9856653081921052,0.030816884143211053
1560500367.1695776,67.87779415305104,-9.872901116147867,1.522885060391475,0.06624161432430145,2.084772626256981,0.03389116178444404
1560500367.3687482,67.88918117365242,-9.43489503775671,1.5271362623079032,-0.18396506619986308,2.1957631317117783,0.023058968997892625
1560500367.8998473,68.54849041246412,-7.953784058088979,1.4408693980138296,-0.21343944522936817,2.5292537997981546,-0.028582973751910906
1560500368.098954,68.8839114721463,-7.373987820266516,1.404374327716094,-0.05209616217983312,2.6138080090242304,-0.03587954275992701
1560500368.1656525,68.83104683777951,-7.231294534708179,1.40429873784266,-0.07781058610701551,2.6172514737438686,-0.04041170426559323
1560500368.2978015,68.8226988003038,-6.9150315537981,1.4085887126795218,-0.022163880169911845,2.6732358686811986,-0.046644416975390325
1560500368.4296882,68.88349027226393,-6.588154902833024,1.3937758250165482,0.06156652286555599,2.7281642730510094,-0.0260135566365765
1560500368.4962792,68.90486752589126,-6.413954277371877,1.3892401106430345,0.08491303614355965,2.761666273255848,-0.008374020650454882
1560500368.6273916,69.03499886345786,-6.103770823539759,1.3601263978032836,0.21565129770932506,2.7948140870022287,-0.02293459395564139
1560500368.7593732,69.09579063196115,-5.745822857686145,1.3523297219534927,0.2871838174034157,2.854974217023612,-0.04911649060571119
1560500368.8886027,69.15870066994702,-5.385580084953869,1.3386600052511222,0.3568843015895486,2.9109307775038804,-0.07084582071806488
1560500369.2817953,69.36158285237254,-4.216118152448917,1.305367235949525,0.527466700306673,3.103001276497338,-0.0652412037208222
1560500369.5435925,69.56829155621874,-3.4055075157907333,1.2744475183002122,0.7174703777828766,3.2488834076812343,-0.07973452739457605
1560500369.6766164,69.89008671019529,-3.066751499682091,1.2095612221995347,1.008211928568025,3.269101891188138,-0.12160395263033028
1560500369.8760633,70.29887649200131,-2.518348182069457,1.1341673767314306,1.355699297966237,3.3398871477899568,-0.16811961653433494
1560500370.0758214,70.76401510485832,-1.950782277052041,1.051406197126155,1.690695317140071,3.4459034333997067,-0.21056075376911798
1560500370.4068515,71.43360546413383,-0.7929586837829525,0.9569782436663032,2.0926430331622394,3.767062822298759,-0.2622859792995833
1560500370.538974,71.74535639441102,-0.336454072484754,0.9126319822918046,2.251037277117752,3.865167662229822,-0.2704784383433502
1560500370.6048284,71.89476962857606,-0.13777393370695457,0.8951267580188735,2.31567064865072,3.8866868754783113,-0.27455837846359304
1560500370.6713154,71.97998297903965,-0.13739388194412072,0.9003707298661807,2.309428329047374,3.7478951537138974,-0.26860428279424864
1560500370.7376113,72.05803605864152,-0.09033680911674935,0.9013877473864715,2.295858166425077,3.6497976873079434,-0.2603533054112438
1560500370.8705673,72.34546892600672,0.365794235085505,0.8709882493945186,2.4429971829597616,3.77920549720658,-0.29316876171651723
1560500371.131205,72.99505599449847,1.370926922969506,0.8020787357936355,2.6905659585010677,4.062537117368863,-0.27162516368633655
1560500371.2626092,73.31894674725528,1.902917365153928,0.7747850186820912,2.785802701328337,4.190296215055395,-0.2853470669406121
1560500371.3288622,73.45338017867765,2.1667221769606684,0.7697294173525637,2.790419169064776,4.253881738145394,-0.28098963708660835
1560500371.522433,73.76473120439317,2.9844289317105064,0.7770309050379612,2.7411520445735977,4.44240450771392,-0.24327513885190594
1560500371.6521182,73.9151302041835,3.5820170875898274,0.7858855155782504,2.603154920993242,4.575670956849008,-0.20813120200805948
1560500371.7830172,74.20821363575136,4.1993439285025405,0.7657755492030478,2.610513753017563,4.693469318602224,-0.21796044132543718
1560500371.912078,74.32265643883734,4.891391032587944,0.7665676876623214,2.446592024468895,4.886176506269133,-0.2144133478833236
1560500371.9783857,74.42795799292428,5.226755210584943,0.761326641651841,2.4055263959238813,4.956513533900586,-0.21017594950801238
1560500372.2404742,75.0066375318095,6.567859046047424,0.7147556254747321,2.4010193769876165,5.1790868072108145,-0.19837719823087044
1560500372.4352722,75.41553327348625,7.612057993516098,0.6790516393391344,2.3919009864735012,5.397488165758756,-0.22798879185078694
1560500372.4997437,75.27247558331531,8.031801736891858,0.6834159024040719,2.1119412430360196,5.55591914087074,-0.2201269153824668
1560500372.6913745,74.9565303652164,9.37444898355011,0.6691388708570565,1.4120894319723634,6.064821981032487,-0.16883981267311
1560500372.883582,75.07402613237312,10.529181136547894,0.6466924037281739,1.2531323484940007,6.32704972998073,-0.1779077139923529
1560500373.0772045,75.26471026302013,11.775595334065624,0.6140677315025209,1.14121738948784,6.665708252021789,-0.1742864925142798
1560500373.4649901,75.39002659199699,14.417277145277808,0.5555913561931981,0.6100003115214908,7.146353860469017,-0.1506409170321588
1560500373.9950826,75.21501208610246,18.267009924258257,0.4493111845319231,-0.3204863110061561,7.384180634229883,-0.1884516212177601
1560500374.2546833,74.11357866999995,19.993713030558727,0.35701641981670285,-1.3458229793555718,7.187086526084861,-0.1948126655161013
1560500374.391294,73.55977552907602,20.786134831630097,0.3054700652590972,-1.792451762828448,7.012301955018275,-0.1954340614320617
1560500374.5215526,73.05574494433448,21.48601055522942,0.2926899820794805,-2.1851305911146466,6.799446659315639,-0.19877563231612091
1560500374.5864913,72.23692844137597,21.262585191371343,0.4357893604472234,-2.736765248850977,6.295967589499697,-0.10833959070601469
1560500374.7818549,70.90644920240192,21.890235067411993,0.6032701098859576,-3.5945032874471092,5.60569772422162,0.04215951613585649
1560500374.8481154,70.24250480153711,22.29947167921611,0.6770402542018619,-4.045138415063253,5.479757553179948,0.07762545659107964
1560500374.9796948,69.67749805965123,23.004281537995354,0.7000586121949051,-4.312650381303638,5.244536900380555,0.08793031623848754
1560500375.1127236,68.80636546498519,23.45060907033527,0.7606132366550338,-4.849601191060252,4.734222057139708,0.10369542358317199
1560500375.3114748,67.74753579509827,24.304503921285917,0.7845997831735552,-5.297775131478389,4.27011311304248,0.10468398124001797
1560500375.3771014,67.37726492838637,24.58129992080331,0.7912699108583725,-5.446512145457457,4.134050990439692,0.11025103128136708
1560500375.6421282,65.47028058093544,25.440965235500368,0.8384780201727832,-6.355732683003794,3.427718600438027,0.10348022103279064
1560500375.904704,63.67809553779672,26.243220762871523,0.8616168979026636,-6.931759951966658,2.8656864329574536,0.07315734409434825
1560500375.9676237,63.159091460198105,26.473676151560234,0.851562377159295,-7.129088631167432,2.7959070702403532,0.06693003008680595
1560500376.0943098,62.18890332099804,26.87274474439659,0.8490674571927225,-7.414502812227122,2.6435934086813186,0.0613154147431055
1560500376.292761,60.571359727852844,27.49652013431009,0.8293677170887354,-7.858190250665904,2.4706332474117647,0.08535180410730972
1560500376.4905295,58.99406414011492,28.03025818444982,0.8381614266431531,-8.199483581979157,2.2972496395590736,0.05363446961905498
1560500376.6238732,57.9092472463799,28.447514344158304,0.8129661292705165,-8.408720252554886,2.2772184941855933,-0.01791968734036352
1560500376.6930408,57.30880836705755,28.68896239745272,0.7982874423810843,-8.544178621196014,2.2826056489734095,-0.02609558044747649
1560500376.7609754,56.71540268031518,28.89685066933101,0.7910731264512308,-8.658721236529889,2.2782864296785807,-0.00810068670923247
1560500376.9512603,55.0974233245632,29.28897216594176,0.7964425345152267,-8.920944501046092,2.1026838934368883,-0.020173471371164233
1560500377.085621,53.914369702458856,29.537949917669682,0.7890399855440978,-9.13977152771527,1.9704996814369773,-0.0983919820769675
1560500377.2873883,52.07361492484229,29.903475651453046,0.78124641233389,-9.444541514598336,1.8011361674734812,0.007865342441722871
1560500377.5459237,49.61800776356596,30.307424092784075,0.7780730918175824,-9.876096940978593,1.5626581968825342,-0.06544775644062004
1560500377.7979548,47.270420999031245,30.580272872686102,0.7599147388173937,-10.17286408732582,1.3092763324529324,-0.05364737947851707
1560500377.9876456,45.329785670782,30.802063997238818,0.7462619706251156,-10.501591540990015,1.1634532223981184,-0.08388665339907292
1560500378.1774693,43.39814870867394,30.98378833318012,0.7110165541373256,-10.77282658641333,1.0047658066615945,-0.10526934740722348
1560500378.3070617,41.949913761713006,31.16386696259486,0.6610854393257874,-11.02917795145932,0.9871049686014758,-0.11467607210665814
1560500378.5729897,39.00060593972719,31.626169359159967,0.5287615540421914,-11.476947388396841,1.014793449535571,-0.1961875087229106
1560500378.76369,36.75906248895214,31.827953878301884,0.48313091621602444,-11.841608473501422,0.9327700209939905,-0.23211729893133415
1560500379.086975,32.782344915314894,32.22697322888392,0.36531709406951485,-12.38987051273211,0.8121616916035708,-0.31793593397189984
1560500379.2842848,30.234169468485295,32.51302487638971,0.285571452112217,-12.710649162847986,0.7759991458746274,-0.17751230206209836
1560500379.4157555,28.311666536910746,33.0251285637679,0.1619967433781243,-13.093313922914483,1.0072292471421518,-0.3556487539766675
1560500379.5485475,26.387239402003075,33.39528910247268,0.06539790348557306,-13.39484685193072,1.1068650046527777,-0.4369102422442775
1560500379.6158104,25.153315684305962,33.611537804363834,-0.009856263742212379,-13.747818256331673,1.1599495551323455,-0.4911991618970965
1560500379.8142288,22.147372256481866,33.97923336996884,-0.14028513527005826,-14.246834639233143,1.1507738780758994,-0.4854802052902327
1560500379.955165,19.943635505519097,34.27470106575568,-0.23826553720884436,-14.61532522449392,1.185310869112231,-0.5172696165074446
1560500380.0342112,18.60448488285209,34.507793521730655,-0.3097692999863533,-14.901475638169607,1.2735569889991483,-0.5570286970131684
1560500380.1782746,16.407483438171795,34.70975076235139,-0.3973873686098117,-15.180902011785756,1.2106246530477849,-0.5848415745199692
1560500380.3140101,14.300931812299506,34.89708655420799,-0.48250349823011984,-15.446561126180924,1.1835033765043996,-0.5867335715093277
1560500380.3797355,13.239457475862698,35.00688784535689,-0.5298160405645874,-15.615007795799656,1.1866653337348843,-0.6135138812275368
1560500380.710413,7.815855737139351,35.552259112580614,-0.7663313822608238,-16.35884447112232,1.1917437881818658,-0.656584248949799
1560500380.9056175,4.571334833535431,35.81782563564243,-0.9060203031635315,-16.740938012359912,1.1453075507747603,-0.7331109110027303
1560500381.0916393,1.3886535679212315,36.210417534736955,-1.0678398142959913,-17.109088477850555,1.2411876152805628,-0.7647081530171346
1560500381.3571184,-3.0932482988400984,36.993867386394065,-1.2981027848397817,-17.489095108029776,1.5226590665056716,-0.7506289412460689
1560500381.4869862,-5.1819410172078975,37.35348084749113,-1.4020702115086663,-17.57614453931352,1.6349301741374147,-0.8202842222386661
1560500381.551912,-5.991084114309928,37.59441289793607,-1.4650659453687247,-17.42126135990938,1.744236508926947,-0.8352195805550215
1560500381.6847134,-8.558190059734773,37.87385382734329,-1.5892654281253562,-17.845062890981318,1.7366443096404516,-0.830664079835369
1560500381.8847408,-12.286379265507307,38.424021620903524,-1.7984801323213886,-18.290994681912444,1.8569472088169074,-0.8968286281053792
1560500382.0196655,-14.831071911399057,38.71257797189252,-1.926843294927006,-18.580216393282132,1.8699024436496992,-0.9112789563865915
1560500382.291322,-19.95628935245277,39.22517024957683,-2.1929526829685306,-19.055891667800516,1.8082066771574261,-0.952848622440271
1560500382.4373002,-22.786273269838635,39.55007000441838,-2.336519790113372,-19.314490574852236,1.827454042861492,-0.9120765483223694
1560500382.6374707,-26.6028844110252,40.100962722512286,-2.5420899552399927,-19.574713023249533,1.9506496137710272,-0.9958155291571099
1560500382.8352735,-30.526339094640488,40.51569583045236,-2.7486900954195272,-19.91955205895238,1.9468499767631706,-1.0172858750633897
1560500383.0911794,-35.3926033030282,41.030276074405336,-2.9957768318053746,-20.16197910805665,1.9198296947663749,-1.0113476993015909
1560500383.2881396,-39.11488574077644,41.43856162329418,-3.1914443059554323,-20.315775903011478,1.894320897708919,-1.0882143116288332
1560500383.41562,-41.2464657467424,41.852128369696736,-3.33659470539156,-20.196489842899325,2.0143593775805853,-1.082087651974946
1560500383.529282,-42.930733796004304,42.14290082570513,-3.4296295464021647,-19.946615828786722,2.0250071483467464,-1.044149341881058
1560500383.72503,-47.13487016581023,42.58665132451837,-3.6562565295083114,-20.456171729098223,2.0678231106744476,-1.0549103785647373
1560500384.0012739,-52.33131975028798,43.215286214402646,-3.9259957394656007,-20.540864158339375,2.072404734070766,-1.0861777320513388
1560500384.2792583,-58.75544566276765,43.908183835359196,-4.324091595237462,-21.396548266958124,2.1255394554999048,-1.1916756063086817
1560500384.4090788,-60.40426622072546,44.13996428128157,-4.387918818786637,-20.82074627617194,2.095021516949303,-1.1355098828183667
1560500384.5346174,-63.31136384839992,44.47288386517081,-4.5913617261217645,-21.22667248971231,2.125163437430122,-1.2272253967082842
1560500384.597706,-66.25270746005462,44.789525605432374,-4.776045246688898,-22.608704670144583,2.2531903185052964,-1.316328839951716
1560500384.7255304,-69.20196052944922,45.150224956661816,-5.048585851905447,-22.84931231474946,2.3242575744998577,-1.3693792797962883
1560500384.8557975,-72.38350688505216,45.51706778569647,-5.190617067134151,-23.20817708079099,2.361684509154921,-1.345281531068169
1560500384.9855664,-75.23540460799306,45.89618113943961,-5.439385535702082,-23.280939388848623,2.4230038491086665,-1.5028490003654085
1560500385.249636,-81.60388689802211,46.56971156956526,-5.782410876123159,-23.84871072822512,2.459696552740759,-1.4387548373667705
1560500385.5708861,-89.37820925499827,47.36007746932965,-6.227992303175856,-24.40632346296379,2.4365751992141123,-1.4466601201819165
1560500385.8292053,-95.69179129651184,48.03122999732221,-6.638740121036467,-24.80870783472995,2.44115284328123,-1.528375683008876
1560500386.0910459,-102.20517670242529,48.72271797170382,-7.053740470381176,-25.216143568174154,2.4529702811804004,-1.553800595367514
1560500386.2863324,-104.39820273324455,49.07686992193152,-7.197517038035829,-23.803013631600457,2.3712634389326683,-1.4401697916314724
1560500386.4142888,-105.90283327509995,49.26716841563099,-7.179110378992045,-23.025240648083706,2.2807504124020426,-1.4111198232178135
1560500386.7355523,-112.25178342289897,49.9415007961732,-7.478664626632269,-22.85255208213872,2.2627044342664346,-1.283441802604594
1560500386.7985656,-117.61773870565123,50.606085258337544,-8.181325343032917,-25.254161377082767,2.567382795993808,-1.6087212732863587
1560500386.9921453,-123.98429258206698,51.17419561856286,-8.464305856386016,-26.421515935882024,2.60401072724821,-1.6478298331009704
1560500387.1819656,-128.46083030513574,51.66560688991704,-8.968557397896767,-26.36372039031175,2.581890981378434,-1.8510316600367778
1560500387.50675,-137.25514744038622,52.52860189226527,-9.566625829015777,-26.95749656991532,2.6038225076348462,-1.8426104431272696
1560500387.7093847,-142.76995703943498,53.09491725578751,-9.953975252217546,-27.275691917893486,2.628727071473546,-1.8575096725358513
1560500387.8478389,-146.82032723448017,53.505878572472625,-10.203105934701423,-27.652432921908545,2.664882072182183,-1.8767605394375741
1560500388.0486574,-151.93781884749288,54.03370017425374,-10.614580843314666,-27.632564508710264,2.6306487551472832,-1.9772745707484927
1560500388.2508411,-157.72999533512566,54.66303476609415,-11.013436246960774,-28.00212467571915,2.6830505877889443,-1.897843053124818
1560500388.3874762,-160.34141345924704,55.04950008092209,-11.162388150658458,-27.347743559991066,2.7088795803930052,-1.876213335633531
1560500388.661185,-168.90468775916992,55.94053614221122,-11.709524199860356,-28.303312704501607,2.7578781222703594,-1.8783531302196537
1560500388.993531,-178.51336636523533,56.812948921672934,-12.37008704413871,-28.796310316285314,2.707945738329708,-1.9774319831195104
1560500389.257413,-184.64269741127458,57.45340423477607,-12.842776477936345,-28.23742455386264,2.634155148048494,-1.9328587616643713
1560500389.3927624,-187.85163809774852,57.77824834591349,-13.03249069470543,-28.023034445912316,2.6017688227765428,-1.930195588473231
1560500389.5954425,-192.47748531512377,58.29950882509202,-13.266587719732662,-27.64576219954912,2.575793272676959,-1.8928251273886216
1560500389.8049562,-198.71614263128652,59.03953758864032,-13.758673060986085,-28.148066715355743,2.6874750217891066,-1.9175432851680667
1560500390.005838,-205.6287448688182,59.89662623500307,-14.352380277636595,-29.141412521950812,2.8976046625736154,-2.0517719119041735
1560500390.2967641,-213.52426016289954,60.75327804761124,-14.883908384538964,-29.181495499447877,2.8832783630821406,-2.0800078346727857
1560500390.3665452,-217.0470566360213,61.191058855337104,-15.263320688551051,-30.182904860176176,3.0567030380913325,-2.2493448995894885
1560500390.4393694,-219.80207315944793,61.51068679684609,-15.422943814924105,-30.669873437922956,3.124362486794912,-2.2913141134427737
1560500390.650922,-226.5319594819313,62.191759616334885,-15.754625899003551,-31.11051104131995,3.1686930608608908,-2.109715653450464
1560500390.7885299,-230.83692096113575,62.65900228751826,-15.944852665915718,-31.2923985995316,3.2142285451953905,-2.0207979425880755
1560500390.9201941,-234.911942731708,63.17455789811641,-16.291715853180218,-31.42241565081947,3.2840405742271788,-2.11026158130863
1560500391.0507207,-239.01188984832982,63.63773654856612,-16.4836803791204,-31.575851501898278,3.31992339297508,-2.0685379315353893
1560500391.246465,-245.17701568186737,64.34327627764884,-16.84741701279117,-31.7886919376914,3.395391124377678,-2.0641468097143942
1560500391.4331126,-251.0954686822151,65.04345488869977,-17.267360033729233,-31.990071707786218,3.503260785233639,-2.071672860589596
1560500391.5648549,-255.29978377472133,65.5343839427803,-17.604816975207413,-32.14647182760088,3.531615544272544,-2.1774946660128007
1560500391.765581,-261.75767944005213,66.2674104437516,-18.05901868693251,-32.38617539486304,3.577708661659471,-2.1833466383734725
1560500391.9032865,-266.0956439580942,66.7846009593191,-18.529051141707345,-32.45161156472056,3.640985291471006,-2.3452497408378337
1560500392.3173883,-279.70848753885974,68.30806509166732,-19.41992849157604,-33.00233424747861,3.6989583846949072,-2.228609846172253
1560500392.38908,-282.15307240346107,68.6023565204175,-19.44306997183834,-33.13016616676546,3.7235795993800913,-2.1307383911972066
1560500392.4551373,-284.3494296753292,68.84811788425259,-19.55059901861582,-33.21003756043941,3.7368445733793623,-2.1275604063581666
1560500392.5213675,-286.5623892961385,69.13728029017572,-19.63212890690668,-33.28816826577869,3.7847069219855625,-2.1188273319611706
1560500392.585699,-288.6984204252241,69.37456671954425,-19.744283585806755,-33.35846429783192,3.7799004135408834,-2.1274678527274316
1560500392.7177064,-293.0892626991457,69.88743522945829,-19.983543000968766,-33.49476341013638,3.809560069692216,-2.1311743989169725
1560500392.9303684,-300.2414789853502,70.70608277704147,-20.435298910005297,-33.746516911835776,3.8318898204473326,-2.129029375888286
1560500393.0059268,-302.8038699732823,70.98547626022459,-20.584873945409004,-33.830285953476796,3.873013489679672,-2.039578977319159
1560500393.1392853,-307.3214567123057,71.49962903779581,-20.846769561277007,-33.97182089910612,3.876907300454509,-2.0064233862077883
1560500393.2072093,-309.62893345976516,71.74926643108844,-20.9869956648194,-34.044606002473124,3.8936470113550565,-2.0045720954404675
1560500393.4031484,-316.32359707439224,72.50869144253619,-21.400648779428717,-34.29961999695111,3.9004874358004096,-2.2009104448013512
1560500393.532946,-320.79086968460604,73.01199850115749,-21.693201171545212,-34.47554921952115,3.9138793848316986,-2.2395730937405136
1560500393.731723,-327.7085945759776,73.78580998946019,-22.17841823051838,-34.76893298836818,3.9630618925101078,-2.180879542497695
1560500393.7960665,-329.96083165769403,74.04174860919574,-22.30651260902834,-34.854863929117435,3.9686646955845983,-2.1239705367463437
1560500393.9295442,-334.61775632256956,74.58573401174262,-22.593515183651103,-35.02036932669147,4.0064539718876615,-2.1722227083428187
1560500393.9981287,-337.02069233035263,74.86023615878152,-22.739219754024507,-35.10714243924352,4.003161591910398,-2.1956760839280087
1560500394.065601,-339.3891744148254,75.13956807899243,-22.881258882755702,-35.18867985210072,4.016179186151837,-2.1750348840064717
1560500394.199422,-344.1096338475736,75.69942337308701,-23.179434598027065,-35.362524214264184,4.073184768207611,-2.147950121111016
1560500394.4030106,-351.3407886337992,76.51422031071624,-23.624692674565544,-35.63934789889142,4.081392983640802,-2.2028882169362523
1560500394.542435,-356.32621516844813,77.07082789089104,-23.937005659953773,-35.83498285398926,4.0455306446749315,-2.2431588966321474
1560500394.7450898,-363.61354573837747,77.89338291970127,-24.393776716007316,-36.116560624116225,4.043178545933787,-2.2818784714807254
1560500394.878648,-368.4621882914605,78.4209663686586,-24.718104455351533,-36.30561698668719,4.0255097000965865,-2.243057968517713
1560500395.271913,-382.88483710091646,79.99211767471557,-25.713361257225596,-36.903786193809765,3.9886374475478714,-2.4401538584990665
1560500395.5319102,-392.56325914646976,81.01787563686582,-26.436832398763,-37.31553866528337,3.9744894873803274,-2.4855446712622915
1560500414.068334,-392.55264775371245,80.96349551489342,0.004410964938830127,0.03708362157480295,-0.1484514651947712,0.020920735062211964
1560500414.3922362,-392.61937270793345,80.89804583254602,-0.022434100395684047,-0.0757205196896979,-0.17596379404181697,-0.035474822975173285
1560500414.522573,-392.77848524724556,80.87245708989785,0.013438415423473524,-0.08679359372990203,-0.1591628863429757,-0.017464937689315115
1560500414.781953,-392.8031708064452,80.88605910288476,-0.0012110243593387738,-0.1877692289899316,-0.07892760540849277,-0.0121500620449741
1560500439.3718796,-393.8871254627368,81.11888699699102,0.008027673596436795,-1.5404722361933039,0.3478858213768574,-0.002672225297202388
1560500439.4373906,-394.131648049364,81.05062220601097,0.065185970302875,-1.7600407980482553,0.2461437330931338,0.06814228974414757
1560500439.5016737,-394.1321007839975,81.02754322733419,0.08944973916499306,-1.6977288078282906,0.21657984588256907,0.09824063798880306
1560500439.6270723,-394.29953254065305,81.03397767346479,0.09049331184957958,-1.786827083431154,0.20560067749695432,0.08956263914207319
1560500439.691957,-394.2762367666513,81.02138687798545,0.08718771980056753,-1.7229864310992962,0.16720002006651002,0.09572448000631972
1560500439.75539,-394.31842740863067,81.01687572633904,0.0911038109183155,-1.7092461192675064,0.1507045073887418,0.1073448665408883
1560500440.0126297,-394.69130214333507,81.05046586207074,0.11474947006239236,-1.8744789031180682,0.1782040600635149,0.11564934713120666
1560500440.2060306,-394.82728254302907,81.070119984056,0.09280660828422178,-1.718492677584014,0.17907531456133272,0.046671568465494334
1560500440.459221,-395.11927531209665,81.11028463422814,0.09667810410937451,-1.6451180078320646,0.18889143720794638,0.026838085787433182
1560500440.585375,-395.1393196128269,81.12094477093714,0.1030772643026136,-1.4522748936242442,0.17465463734723774,0.05187133322702985
1560500440.7152698,-395.17800737581547,81.1406999684414,0.11014554299427874,-1.2704054359587806,0.1853636543015166,0.02009198026809155
1560500440.8441217,-395.4859185819222,81.17297111554973,0.10178586770657136,-1.4438043010662889,0.21157129841156777,-0.010427903565291444
1560500440.907243,-395.7145344238359,81.19458752224635,0.10027708536105491,-1.5969836500858716,0.2224493871987422,0.004075686366878295
1560500441.0316272,-396.1773108508227,81.23106144016569,0.10974996280756123,-1.8875915106496,0.2450724653639461,0.010285804042044277
1560500441.0957336,-396.36418937861407,81.25755581704746,0.10731331831954571,-1.9912669002519616,0.2742482518131837,0.006358601357769809
1560500441.2242744,-396.84306695176633,81.30471254512186,0.11385962915865581,-2.2936526922071576,0.3007756197049244,0.012538989564679819
1560500441.4802685,-397.56121155470134,81.41182464668019,0.13873177025074424,-2.5742682521668754,0.3905299615741362,0.03839524192999718
1560500441.6772482,-398.31461289955837,81.50754457124624,0.15230470918036398,-2.9835713080504336,0.45303860634838156,0.06203044478452168
1560500441.9417627,-399.2391809416167,81.63729573014872,0.17793088813534141,-3.2902217277421206,0.5096068286262803,0.050065135090490896
1560500442.143844,-400.0509124849602,81.74821272936914,0.2042564472384275,-3.546447670664893,0.5602905591858999,0.06920480181719696
1560500442.4082153,-401.1620227757823,81.9042612613299,0.2560600502658802,-3.899950487128147,0.6113216576298279,0.08475210994886974
1560500442.685575,-402.36478468282576,82.08709851342289,0.3023218114759254,-4.177720173580948,0.6995141806680187,0.16200466105684247
1560500442.8279366,-403.0867950540685,82.19161403070707,0.3299463062329202,-4.351050496078182,0.7488466277748761,0.22144973853348174
1560500443.020705,-404.01763592966586,82.33170081626083,0.3568906312742597,-4.5455749293022025,0.7297827113507827,0.0698010876268956
1560500443.2883077,-405.35324961695915,82.53279468309151,0.4047609492854537,-4.743945559747646,0.7917132112031197,0.15816760632332386
1560500443.6108983,-406.95490806090817,82.79123092227829,0.4740277335298472,-4.947708902012992,0.825149705819356,0.16355237809375806
1560500443.867842,-408.246213202022,83.01437570507805,0.5171899497717427,-5.075525419352226,0.8640638632259229,0.1759518828805938
1560500444.0871289,-409.3980517908686,83.21948068390654,0.5535607271063034,-5.19446833854642,0.893335289861944,0.18107636502441932
1560500444.1584284,-409.81474232771853,83.29432963431071,0.5635082564160789,-5.2562757582502435,0.9246944190409359,0.1863687257122892
1560500444.3003829,-410.562511025763,83.42407536643064,0.5600924542680938,-5.332398060104659,0.9357334195051313,0.09557951205536898
1560500444.4479978,-411.33442994082685,83.55500604751336,0.581432021251487,-5.398601588048871,0.9573696861079591,0.10139888928764168
1560500444.587038,-412.1831939333999,83.71611677985814,0.61246215424875,-5.55073255713711,1.0039839138727376,0.11391362791642054
1560500444.6555758,-412.64575647656386,83.79848115099657,0.624158560135162,-5.656046741750455,1.0387713600632027,0.16427925872791782
1560500444.7917283,-413.5150107523918,83.95113083322977,0.6406127182358148,-5.825883369124304,1.0961511598022695,0.18755167764942876
1560500444.9250345,-414.3509676618719,84.10251408105248,0.6614700466656188,-5.978995816526801,1.102420441227116,0.15543489270348493
1560500445.1211553,-415.6203892793874,84.34310962086353,0.698982671567312,-6.18984654135128,1.1944150260004194,0.17272967936063358
1560500445.3756716,-417.35131240556416,84.67786637846076,0.7458678389255045,-6.446670963504527,1.304585452923924,0.20904510191799797
1560500445.62957,-419.18004421943726,85.04497471404734,0.8012405816697564,-6.693299302051078,1.3811376835608618,0.16373082271900916
1560500445.693826,-419.6141253501826,85.1528917626388,0.8204641464141001,-6.7186301468574845,1.4114742069143913,0.13249803950171118
1560500445.821595,-420.51536396583595,85.35395864265168,0.8420456788417466,-6.797782983458035,1.493845841265289,0.12148767052186749
1560500445.9501584,-421.3864536838811,85.55804587214544,0.8756723176104452,-6.829870958864735,1.5348016592355183,0.2230299019295924
1560500446.0700388,-422.22279576379464,85.74601821273465,0.9005563395315727,-6.884874002108726,1.5790372593577922,0.20319368463591825
1560500446.259916,-423.60262412359765,86.06469996815507,0.9411020501219011,-7.036385606858508,1.6168591106708516,0.1665647509480737
1560500446.322994,-424.1149507379938,86.18086324272362,0.9519925826988994,-7.135795569328171,1.663531645239758,0.11760755903353783
1560500446.387267,-424.59415832457506,86.29467925817337,0.9614702709423568,-7.192102146658211,1.6572488148848865,0.10075061056824156
1560500446.5076041,-425.50321352502283,86.50446510344462,0.9788951251463827,-7.262945802021598,1.7321789457009586,0.1532342974404931
1560500446.6348975,-426.47286200170913,86.7438171949339,1.0062673276425351,-7.395958805722969,1.7807830458348726,0.12223706027787305
1560500446.763986,-427.51069885427836,86.99635209847159,1.0202621045117408,-7.552864794860881,1.8579414841753088,-0.012163464448311668
1560500447.0192497,-429.55134137029347,87.51888466016774,1.0807901162872708,-7.737605863043782,2.069336046782637,0.3016225623844009
1560500447.3330894,-432.0010478421992,88.18638005681686,1.1420222890740779,-7.9502625602071655,2.17218091342436,0.16131295098095008
1560500447.5283601,-433.55078509354223,88.62931027811581,1.1696892697774253,-8.064426974302817,2.2972918958795066,0.11663919707784845
1560500447.5926147,-434.1762750571196,88.79595819216667,1.1783569915495846,-8.187466420687505,2.3559331170569733,0.11825871234671947
1560500447.656339,-434.73030096660926,88.95201056978989,1.182172413184133,-8.248647295317275,2.398561141985159,0.14068739423320506
1560500447.8415327,-436.2279885320849,89.40513684358726,1.196024679672096,-8.344812789744584,2.5023809311437084,0.07816359669948687
1560500447.9664037,-437.30839764623806,89.74188625580405,1.2027800992503586,-8.45132976687156,2.6008383373113926,0.06643996916601147
1560500448.093151,-438.58719624507523,90.11558422637111,1.218020178847425,-8.693844741159849,2.7184619463657844,0.06303229902766301
1560500448.1575954,-438.85376592364736,90.24173163108144,1.2282427805799854,-8.459481530060549,2.718912890176355,0.08332762588355139
1560500448.347072,-440.56387839627473,90.7931212931636,1.2542841484151106,-8.67564242508912,2.8647947272633867,0.11600758364758612
1560500448.4089744,-441.1312035614052,90.97942691667033,1.255857319295975,-8.752066044088025,2.9140991160459784,0.10138442753074095
1560500448.5348191,-442.22786748284415,91.3528890870589,1.254825607202502,-8.826747147469646,2.9922117995130195,0.043155033155948486
1560500448.6624177,-443.34685502204565,91.74101690849916,1.2537366149105793,-8.900929709912456,3.0702742347330325,0.030644002368251596
1560500448.9798312,-446.15942843004854,92.74511592507457,1.2572517450810308,-9.106087514525623,3.273033561420344,-0.09630436071513421
1560500449.1034389,-447.28648312696697,93.16557313068208,1.2645162425478986,-9.159829955550322,3.40075065414786,0.059366207136133456
1560500449.2321281,-448.5586589421376,93.63408015879392,1.271726525367334,-9.32739762429877,3.5334020423599424,0.07406789958645148
1560500449.3005786,-449.2549788224907,93.8867107492698,1.2681668461523377,-9.4284831438293,3.588050166299362,0.02550879365231809
1560500449.4958541,-451.2137061004399,94.60730177008404,1.2399058205445377,-9.66800599333826,3.725450470293438,-0.061599414285313854
1560500449.5594096,-451.93266725107867,94.84703977515298,1.220055565361958,-9.809783534381367,3.768254417654624,-0.08309264885184596
1560500449.749189,-453.8669059332121,95.57027477920398,1.199976235795176,-10.030743722792627,3.822218656768453,-0.08531189865129117
1560500449.8108351,-454.56841357030856,95.81018730823872,1.1861749958283927,-10.163332979268628,3.8371678671408698,-0.09148458228133237
1560500450.144362,-458.004345551749,97.10956553841731,1.1598547451021333,-10.37327203873316,3.941946273806147,-0.06604247466389168
1560500450.4740143,-461.4844269191872,98.43237978992985,1.1475324693945783,-10.511907128826065,4.013474842876217,-0.0016503572264344626
1560500450.6898632,-463.72142739369406,99.28436279359346,1.1464022571456463,-10.569065971735187,4.044794171640478,-0.03565421056105556
1560500451.1865988,-468.9110364644882,101.31992603268552,1.133054814647951,-10.708885920101922,4.2379095042828325,-0.09101412173204913
1560500451.3911552,-471.1388957292574,102.20698552218984,1.1103454691916887,-10.794878938393301,4.3362057688353906,-0.07719875285254618
1560500451.7728631,-475.2903245977965,103.91952663187651,1.070105168148885,-10.970140194861,4.498663157513764,-0.14870667151830425
1560500451.96257,-477.30684182039397,104.81008870849264,1.0613369652942077,-10.983474207145806,4.6077474519581125,-0.03774539055734429
1560500452.1571572,-479.4778266419118,105.75676635437463,1.0683025342382027,-11.050992763501116,4.702406142297922,-0.019450064278052875
1560500452.2840974,-480.85089571578123,106.35724135252867,1.0464179434220877,-11.08232787243188,4.722221860146738,-0.0891996499987407
1560500452.348811,-481.4652312314147,106.68480874284221,1.0337099758363457,-11.041658937348354,4.733909797569311,-0.09955987446514174
1560500452.4132824,-482.0764438933481,106.9990552329361,1.038658654112991,-10.9956502100678,4.758547908278178,-0.08216841153536786
1560500452.6060033,-484.20669897237235,107.97113359951443,1.0521331463007881,-11.035289010131741,4.83713531363199,-0.022740522231474748
1560500452.6696227,-484.8895462804296,108.29500108959903,1.0577254564599186,-11.040273501704997,4.851445115159155,-0.028537276633844137
1560500452.732511,-485.54303217584715,108.59522563760196,1.0396350872653777,-11.007276630528649,4.850179668745379,-0.04962192339559355
1560500452.8611038,-487.00554756838505,109.25005053681522,1.0160716149221998,-11.096732583083002,4.882970180081594,-0.11638531449371667
1560500452.9248765,-487.6871646823692,109.55905295933294,1.0026125813581916,-11.0762791332888,4.8701003959096365,-0.15367588027437887
1560500452.9897778,-488.5192463830857,109.92762332472826,0.9988541090517133,-11.2468626080957,4.957282816275651,-0.16007831586205165
1560500453.24762,-491.2959260335034,111.16520638180813,0.9661725470774845,-11.17028426820199,4.880112804178286,-0.1397090632960791
1560500453.566697,-494.9121633703,112.74144349010012,0.9313362894054458,-11.2772526698332,4.8383849378178825,-0.1301927558521025
1560500453.8932538,-498.65066299771865,114.32694574295124,0.89059461929745,-11.393711628863244,4.7515726282069295,-0.1111051039756685
1560500454.08777,-500.8622275526682,115.25162969353363,0.8687462333151226,-11.448212226547502,4.672792786872437,-0.12014760452002696
1560500454.215793,-502.3500316111976,115.88371313441928,0.8702807413567946,-11.509122366170821,4.61773476871934,-0.09235945202433299
1560500454.5355308,-506.1674769361019,117.38577394026478,0.8493449433999543,-11.65526315328157,4.393769098732128,-0.044792267458595915
1560500454.5988047,-507.0424856602436,117.74832761167127,0.8653680693021696,-11.746120309099414,4.400188085839913,-0.004547951490904547
1560500454.6637409,-507.8048049118928,118.05983490846064,0.8770891177588396,-11.742032703530784,4.379648822799127,0.017189752693586913
1560500454.728663,-508.6151708185587,118.39056666489154,0.878074108780776,-11.786443383587251,4.362120608168736,0.012935555207533223
1560500454.9226193,-510.9820730119314,119.29240774095966,0.8779310130761818,-11.8573580723271,4.253760773560945,-7.186752078001046e-05
1560500455.1770225,-514.0942755225569,120.43169718892513,0.8875178177681198,-11.943538905154998,4.055603690537283,0.0021276676118535953
1560500455.4316258,-517.1973644224354,121.4907890729599,0.9098581838581656,-11.957291510645176,3.8674385940254563,0.09278713765464354
1560500455.688214,-520.4834698328797,122.58025854998402,0.9350139263142676,-12.110247292899896,3.7109303386520556,0.03894608829835878
1560500455.81677,-522.2998224072926,123.19334274147282,0.9511823515134941,-12.295996568350684,3.7408045410010287,0.07724920802961582
1560500456.0062914,-524.8973248347263,124.01911346112054,0.979365160847407,-12.48033275469188,3.6688015762358237,0.13025873411524844
1560500456.1972384,-527.4124219448622,124.81496237329158,1.014823554975092,-12.595090050576978,3.561498228836145,0.12159838964926219
1560500456.3955386,-530.4263557342751,125.79573163795682,1.0393932023691925,-12.97182645043305,3.6147749453420994,0.18732590924278253
1560500456.4613113,-531.5860547215427,126.18433217010426,1.0444539978447036,-13.184114159547617,3.690712831507557,0.19521087940491
1560500456.7867854,-536.1926523518803,127.49510486055672,1.0966061467977064,-13.459993853201981,3.5424215326846937,0.1408568178332819
1560500457.0427127,-539.7037905422505,128.41835188936457,1.1540293097469618,-13.501177270140259,3.3989601211430447,0.27204049610677866
1560500457.4289281,-544.9807318662331,129.69450754001133,1.258019219829376,-13.59559534506736,3.0458983769864862,0.22162848760753462
1560500457.6266441,-547.8021272661756,130.36270879660356,1.3124555426242663,-13.66588548191864,2.9315192589879144,0.24258936693347227
1560500457.8955529,-551.8205298724056,131.32037855623986,1.398326646830885,-13.807952400516921,2.8493146967357754,0.33619867142831833
1560500458.033244,-553.9513335631316,131.83497251192054,1.4454761199230632,-13.908321072736635,2.826946607018307,0.34735815014930416
1560500458.1010702,-555.1077099090109,132.13105712887136,1.4750027116798277,-14.034209871020881,2.819832645477799,0.3384096718436035
1560500458.3027713,-558.1795493052068,132.8144942238228,1.5364005190971979,-14.11777984603656,2.735876684359761,0.31226835808967923
1560500458.3692791,-559.825078357651,133.44932992628367,1.5601886901806772,-14.547372694700226,3.0110889865817683,0.3758205216661532
1560500458.5021641,-562.0465455632522,134.04227295252866,1.617613890645584,-14.67734834578045,3.105334969162857,0.4958658622928668
1560500458.644436,-564.2616647372228,134.56567753818632,1.6810635366808298,-14.765126005862143,3.0466372678544174,0.4071046600755794
1560500458.8581944,-567.7328496737572,135.39896024563564,1.7238534090773348,-15.03009199134866,3.0281107254907633,0.120282990216277
1560500459.0582957,-570.8608223817972,136.0619587421888,1.7718704285892253,-14.999485841288003,3.000191505409341,0.4189681220111935
1560500459.315506,-574.8088198750535,136.89516807257615,1.8926074849098966,-14.953020749279318,2.8714939956356718,0.44505922515731644
1560500459.442553,-577.1685429061298,137.48456818077617,1.9394587011675715,-15.238659989637636,2.9534500059306534,0.4443270193531957
1560500459.8370566,-583.5202107243728,138.77699684917218,2.1016321848516015,-15.296452637710855,2.7739324174811064,0.2604912990889605
1560500460.1237345,-588.1156230433675,139.7383306203576,2.2005156566191766,-15.136706058226208,2.724316903864313,0.4544898458331263
1560500460.4706762,-593.5986213254884,140.86606437873795,2.334600174234492,-14.901056648148485,2.6122368200510486,0.39103374182406286
1560500460.6018026,-595.9503416928885,141.42670245467775,2.3915765811360927,-14.940931240360914,2.6753992413634435,0.42340670953506193
1560500460.6675005,-596.9648131830099,141.74644559186112,2.4175301129135667,-14.874522287848256,2.7287546026353695,0.41738415324757955
1560500460.86745,-600.2090694894803,142.36132730557173,2.499977685468579,-14.748451612962173,2.6734086329484232,0.4515375402567541
1560500460.9367983,-601.3035028991617,142.62849111592507,2.5041932776408,-14.697932201317542,2.69240357744406,0.42155694851246145
1560500461.0781474,-603.3568345210854,143.06953260658443,2.5611401824714948,-14.505586803462526,2.622428123061945,0.3291034246470265
1560500461.2118618,-605.2665824231465,143.4535457611437,2.614407741387909,-14.299364217070448,2.580823462874233,0.3089685326182075
1560500461.4071243,-608.1240760079966,144.02744458941183,2.7002342992858046,-14.062663114133484,2.571676108582196,0.39892393035110146
1560500461.471914,-609.1564273514273,144.24228862992507,2.7339479346317908,-14.09247708571066,2.602794676759511,0.4354629492579931
1560500461.6646633,-611.4832612848375,144.6811517066105,2.831220775416113,-13.464554348005617,2.451707583999035,0.3886336932259667
1560500468.706595,-611.6329766165554,144.78735064230332,-0.07385095456070646,0.0072473669739838,-0.07353177288835214,0.016139920026868045
1560500469.0898142,-611.6619271632688,144.77522098734465,-0.07425740885145951,-0.06731856898908878,-0.14596249342117942,0.06262780778452115
1560500469.3450487,-611.8080761164993,145.20600166306812,-0.14379303113425462,-0.07367566437102566,-0.5937204912974714,0.13438708614568692
1560500469.6024697,-611.7714675800727,144.6628382042332,-0.08879479907539395,0.023748592511923933,0.1668677431932832,-0.006377467233433479
1560500469.7922568,-611.872192555105,144.40482291250495,-0.04786219202033977,0.012148498598000282,0.16850359124541597,0.0031474544569608486
1560500469.920843,-611.9069277657393,144.34368184153976,-0.08323638799808389,0.03291184071452786,0.18604178280447042,0.01046438364587967
1560500470.0475698,-611.9211759687,144.34873148008316,-0.08911264074741404,0.03601368974157679,0.19644461669039684,0.019160240907184243
1560500470.1761043,-611.9305746541751,144.35831996938666,-0.08717852606979061,0.034163675640716186,0.19684608502176698,0.026999457653489642
1560500470.2409647,-611.9394008073178,144.358270187427,-0.08233956390597136,0.040004178310655114,0.1932647594757877,0.03443487879953284
1560500493.572474,-612.0109859040114,144.46889376859843,-0.009030760902042384,0.1606017347559145,0.17445108673078477,-0.004393543802185651
1560500493.638795,-612.222409607521,144.60749289661078,0.00690148028819744,0.2426976726192418,0.4206076418578551,-0.0556409537446287
1560500493.7042985,-612.7210339443375,144.54853631463325,0.03971761429753666,-0.7880642627442961,0.25490871532350856,0.043692264500162836
1560500493.8371584,-612.7738088092608,144.49694731909275,0.08769003404832927,-0.7784583492172037,0.14896426068774593,0.056143616079210576
1560500494.036138,-612.9601681323118,144.50846565372592,0.1399083753584689,-0.7955839608875076,0.15971370337552912,0.13549349813695763
1560500494.2336323,-613.1197966634007,144.53562023954598,0.17512631551109004,-0.8006356782296479,0.19949838166052172,0.07842652577814102
1560500494.5675125,-613.3922242790295,144.60780728454387,0.1937423515281757,-0.7389830488585095,0.2810912609033177,0.0988915543928126
1560500494.89741,-613.6645916847655,144.6928678878041,0.2412734535740894,-0.6980115020413256,0.3469084161417817,0.08285540249027444
1560500495.0959103,-613.8320396157178,144.740171685923,0.2953569950146081,-0.6572498136535303,0.35279111172116906,0.14748045180921687
1560500495.2991507,-614.0276072029909,144.7645576623563,0.3198932540010054,-0.6593652887457148,0.3239589029374246,0.12954141451333545
1560500495.697044,-614.3732238439411,144.84291654865783,0.31186658900367725,-0.6128428887590367,0.30855608853753386,0.01713928064662506
1560500495.76502,-614.4802158210358,144.83805024291473,0.29824822159894204,-0.6600059323347187,0.2885547548851997,-0.006123252937672619
1560500495.9026668,-614.5992389120588,144.8658688750199,0.3004541976406481,-0.6369524290460763,0.3024251247190284,0.025611201614049235
1560500496.1164312,-614.7957776888244,144.92346870115944,0.31599906582311,-0.6333973993993668,0.31046455734603134,-0.016017191265153264
1560500496.336791,-615.0725099136196,144.94581315046878,0.34295776773208886,-0.6829005995715342,0.3028567857425049,0.04677477747699292
1560500496.5381646,-615.2962224991875,144.98235147092285,0.3611655123386738,-0.6890728785880251,0.3117239724004937,0.07958959846347478
1560500496.8017592,-615.5142623141223,145.05484714362356,0.37254162400907354,-0.6405459649946275,0.31557848378781084,0.06617074378375104
1560500496.9266875,-615.7028347337344,145.08828608861265,0.3572009893536422,-0.7126906457509377,0.3143134901430161,0.030488389655718207
1560500496.9941065,-615.813806154109,145.1053467576547,0.3485180321471807,-0.7734013701887668,0.3085988903002843,-0.021690001780571396
1560500497.0552967,-615.9486167524113,145.12220121209282,0.34945358857683423,-0.8572941972441025,0.31862069872316845,-0.00782274402203978
1560500497.1837702,-616.078235067383,145.16395112139557,0.35637034722667427,-0.8575037375478872,0.33431828689516874,0.04420057512005599
1560500497.312281,-616.2495889129963,145.2021886612626,0.365805759103251,-0.9022670094196465,0.3232096399209917,0.13250847262731805
1560500497.4452167,-616.4472645483612,145.2455109902253,0.37835868566888387,-0.9783658432764684,0.31499957513743004,0.10823471723137675
1560500497.5842526,-616.6304551536595,145.2879855128988,0.38264957657192833,-1.026210185447085,0.31426867830582594,0.06808210721811603
1560500497.876905,-617.0289660687573,145.37932342731807,0.4043757444296434,-1.0844847916002631,0.2967823545540023,0.044737069543500686
1560500498.0313272,-617.2464320926427,145.4242761609418,0.40794675989368817,-1.0992506948507477,0.2915200747281975,0.042274915210869686
1560500498.1761222,-617.4890028453772,145.46534625557783,0.42808198662171676,-1.1246496981089926,0.2801684112105196,0.12604461697289837
1560500498.3218546,-617.6648355152793,145.52428417927445,0.44965892196743423,-1.0980615610495412,0.2937220351797819,0.11684815672491568
1560500498.4523237,-617.8848276582569,145.57271464024987,0.46914648665555203,-1.109986314810755,0.3323375094306451,0.0624883033684393
1560500498.580786,-618.0984140457679,145.63114057701515,0.47913692380622097,-1.159099623468631,0.309563102184952,0.045995010242430544
1560500498.8429856,-618.4604186275317,145.735824195305,0.4908780316366405,-1.1388731006122854,0.36316410209169453,0.12414673176025576
1560500499.0417676,-618.7407230187182,145.8142799417667,0.5118456484563414,-1.103651120713018,0.37717771721170046,0.04740853346752213
1560500499.2416263,-618.9820853028344,145.89705541087852,0.5289329251728261,-1.0558153096064833,0.3504548443102731,0.06057245318316556
1560500499.7184033,-619.5230583254415,146.07167120545486,0.5565184270857,-0.8823836347008974,0.29313249033517585,0.06487817832307881
1560500499.9294617,-619.8143068175328,146.15999380818948,0.575252769200137,-0.9070822572008176,0.287468811473292,0.03905970799634928
1560500500.1219244,-620.0509575192673,146.25228064718644,0.5805412727158549,-0.9163734919807702,0.29292745035378354,0.005838003537843858
1560500500.2509425,-620.2169562509587,146.3132348754285,0.5818176491673026,-0.9314181004466566,0.3060589592964328,0.0092089117649522
1560500500.3808062,-620.4494053359763,146.38409843736682,0.6113619225115641,-0.9677548682134702,0.3319732496772476,0.05708983906446681
1560500500.7114782,-620.8348365591572,146.49626607781758,0.6477816058251582,-0.9489737253684499,0.2896658173823158,0.07995611589692957
1560500500.9759293,-621.0920812184916,146.5914143485809,0.6450402826753987,-0.9528308973825134,0.26942756056337014,0.04702600042113965
1560500501.3751485,-621.5536818346254,146.7006654323987,0.6589558355123509,-1.0344604209802766,0.1820184098996336,0.050941469960633576
1560500501.510536,-621.8225392444016,146.76171871275668,0.6700666276321556,-1.1266886556318927,0.17585213778149025,0.05446791774500923
1560500501.7137723,-622.0831743102068,146.80710171289115,0.6823189832481158,-1.1892323019477269,0.1370741937000226,0.04602942798222615
1560500501.781039,-622.2651217197398,146.88489602267813,0.6986381559094779,-1.2769390995014922,0.1927838460079902,0.03150570911173369
1560500505.20122,-622.2972332340362,146.88843941942253,-0.009332782747785592,-0.0235697407168458,0.004160242059992781,0.08784669466733186
1560500505.4571462,-622.416141704487,146.94088836461586,0.0036079564207582068,-0.10783476644797961,0.054609910430832485,0.09037442780634583
1560500505.5881152,-622.4500213997026,146.94224627705634,-0.024400284540988495,-0.12563023763629086,0.01599802985903366,-0.0021985500880228673
1560500505.785206,-622.4809772922597,146.93787114179344,-0.017584113492368415,-0.1376339000914518,-0.01229247534043236,0.032064637496403606
1560500505.851812,-622.4885368476699,146.9268325587946,-0.01205025606947185,-0.14310594771802407,-0.029756718394838413,0.04120578108066204
1560500505.9849286,-622.500682821236,146.91847811564068,-0.003651004647604369,-0.13274787300488644,-0.050021247912100684,0.06119930374492694
1560500506.1855378,-622.5341640554643,146.90679606658045,0.006776979289406456,-0.17253369803509458,-0.05619195123747475,0.0570590096605498
1560500506.386452,-622.5556224054533,146.8898652804941,0.001954436242847718,-0.18482038594367317,-0.07945815541871712,0.052683940268246965
1560500506.652144,-622.6008547896361,146.87117565015797,0.0005962521477793636,-0.18863240518870453,-0.11955145044856913,0.03200125288736976
1560500506.7184975,-622.609923156498,146.86643481792873,0.0007661830250550727,-0.1787913663776087,-0.11178391443565076,0.03441235640056532
1560500506.784318,-622.6191586092403,146.86141594240925,0.0012677852812346783,-0.17842350390555498,-0.10486515030374946,0.03065856430800241
1560500506.9148042,-622.6379176050991,146.85310374191664,-0.0004816505182575724,-0.199480395001129,-0.10820907346074676,-0.011775571305110916
1560500506.9816222,-622.6484694871921,146.84887418894687,-0.0017292267717628432,-0.19466041825734237,-0.1045921117351338,-0.004607207703273706
1560500507.1805203,-622.6901449019983,146.8335153994851,-0.000354656441799394,-0.2315734215002284,-0.09824292074046628,0.01891374789513858
1560500507.3134847,-622.7151598784108,146.82831086116767,0.005876709349111128,-0.25002672928999975,-0.092811350620664,0.037264750237715395
1560500507.5097525,-622.7679634302294,146.81758852745324,0.01587355494598409,-0.2948057961203893,-0.08663697443456575,0.06508106668154875
1560500507.7755406,-622.8358921298468,146.80360593716628,0.03951284246051444,-0.3881401683324725,-0.08212960394495851,0.06611326977685604
1560500507.9796114,-622.9097914278791,146.79570749999488,0.06358796584770533,-0.5106725576105947,-0.07137632775377728,0.12101908480892326
1560500508.2347534,-623.0410908702364,146.7882688291533,0.11288335820882266,-0.6672553673090704,-0.07253887133487262,0.23993124870528162
1560500508.5604587,-623.3062728109595,146.77636603232583,0.16167646377625738,-0.9470456293835202,-0.06245341046542102,0.1401117961848496
1560500508.954673,-623.7334898881809,146.77302642381892,0.17631763301237863,-1.20469698137646,-0.07665184656917513,0.24212891563930497
1560500509.2174003,-624.0679960762377,146.76208710373305,0.18909773045698572,-1.4222319685561893,-0.09562062857662965,0.14345652223739236
1560500509.5405223,-624.5209523411919,146.7288310919116,0.22706920561525945,-1.6447825911259257,-0.15983998834431523,0.18549457126311428
1560500509.8646688,-625.0687896280426,146.70324122012423,0.2596529544129317,-1.8952773173973347,-0.181493984840642,0.1973491737454765
1560500510.189338,-625.696103289575,146.66750976770018,0.32322287763390245,-2.169155037625938,-0.2404257805098512,0.18212282244574562
1560500510.3201122,-625.9349828491798,146.6737650694853,0.3430886182260896,-2.2241032165042522,-0.19732742083979948,0.17768690786952385
1560500510.516651,-626.3045748153144,146.6534822887452,0.3808358361349771,-2.2685748670283927,-0.26067689250121073,0.3254916779373941
1560500510.5817392,-626.3922528146585,146.64765373448773,0.4014884529527899,-2.2588316046406125,-0.2654682876789468,0.3443596551599593
1560500510.6465688,-626.4847021754415,146.66168014205834,0.405973500735915,-2.253164929932175,-0.23555421879452654,0.3154279986579722
1560500510.8412294,-626.8932768482663,146.6354103595468,0.4472543159200686,-2.3431292979909357,-0.27320786100384714,0.2546074290861977
1560500511.034094,-627.2991559814966,146.6103637078793,0.48910990701197443,-2.387664021606351,-0.28621942125241073,0.271605252267963
1560500511.1646519,-627.5670052264715,146.59438987156628,0.5260645963687571,-2.395782918733508,-0.3083258766972201,0.27877808590151076
1560500511.4274063,-628.1983537577776,146.52832821691678,0.5944466771231358,-2.3968061192108325,-0.3685326934238354,0.39222908448233074
1560500511.6894915,-628.872641498681,146.46168130111994,0.6352363409461201,-2.494047303979602,-0.3993762764765779,0.1471729692797984
1560500511.9542143,-629.5457495367968,146.39586917186358,0.6514725233265234,-2.4411507516067235,-0.45090416005008005,0.27641914618504015
1560500512.345234,-630.5844703747767,146.2270802153085,0.7297107323759988,-2.550680927940807,-0.5401040820559823,0.225402333208364
1560500512.5392904,-631.2196160821024,146.1836757657121,0.7235426256314721,-2.7288330987248277,-0.5084518263885482,0.1452116021623873
1560500512.737584,-631.854844856901,146.13068545580322,0.7198046730026811,-2.8293525417656213,-0.4852634512496305,0.17768880352589522
1560500512.9962947,-632.7975824165347,146.12218703925615,0.7275966190676637,-3.0726523571505004,-0.4113646030816496,0.2336080533247505
1560500513.128394,-633.3530027966473,146.16701273065823,0.6985044420096238,-3.2791557058945067,-0.3396968859572923,0.20623953705691714
1560500513.1936195,-633.576107662628,146.21175516040722,0.6768485046471211,-3.3356864015834145,-0.2808327775279762,0.22115508841435066
1560500513.3245025,-634.0227566109546,146.20452397186764,0.6923789406303604,-3.4385772521213736,-0.2748543153910226,0.1638225067585153
1560500513.4568841,-634.4987749073773,146.2128740428258,0.6927020644939483,-3.550411715874546,-0.23409147935817615,0.13555854549639032
1560500513.5224721,-634.727280338744,146.22642848781445,0.6946578902155955,-3.5988125263730515,-0.20562702667912738,0.13055056861851666
1560500513.6532753,-635.2393491784095,146.20670120847825,0.7108666902736852,-3.723937222298677,-0.21391650094013978,0.130738766952508
1560500513.716838,-635.4493067008508,146.2120108901499,0.7106161547779023,-3.736305830758729,-0.18181968724876235,0.15059021847711435
1560500513.845364,-635.9171144212573,146.18871447269726,0.7339060116620335,-3.7772604050601704,-0.24218132825317548,0.20303494381151202
1560500514.0407221,-636.6835215853384,146.13920013875753,0.7825545186549285,-3.9071256960618905,-0.2759912083287568,0.29548165769211265
1560500514.1699743,-637.2176900928648,146.10361459536503,0.804337062067406,-4.04009310214943,-0.30974070239704854,0.13547213517552262
1560500514.3020153,-637.7152871402775,146.0580525607936,0.8253324866684829,-4.082715374429083,-0.3490547297318165,0.12751291192015846
1560500514.567426,-638.8670360065393,145.95488093039646,0.8685155262998878,-4.296480201508427,-0.40230415870817116,0.22036815970584062
1560500514.7710004,-639.7849282687026,145.86401245063874,0.904691916019117,-4.474224006032209,-0.4466425162781563,0.1603675765647031
1560500515.10495,-641.3521639141654,145.69378822319558,0.9650687034619836,-4.703818480843714,-0.5715838190178475,0.22286669269423118
1560500515.3705342,-642.6754080747634,145.5359026726246,1.0238033575636787,-4.882355472557619,-0.6114448376336166,0.22788733346067688
1560500515.5022795,-643.2646408123726,145.44587837215104,1.0470020686986707,-4.925488182670631,-0.6337956863450497,0.19041100811293674
1560500515.633801,-643.9174152513851,145.35214206547954,1.0765735726699683,-4.99803310493046,-0.6723804132513012,0.20533531906507496
1560500515.6987922,-644.240996565115,145.30261537647402,1.095283677763188,-5.035917473516994,-0.6617019222887909,0.19321355849686675
1560500515.764247,-644.526418444859,145.24473230984736,1.1189112620032104,-5.0306098622273305,-0.7088969208373788,0.18991929286354323
1560500515.8303108,-644.883634676325,145.20466501189037,1.1304599735043093,-5.074829195756495,-0.7247718399474005,0.24311416378092748
1560500515.9618623,-645.5885425101251,145.11055931698294,1.1587203079316652,-5.172624750829136,-0.7298104625929294,0.28013750483391003
1560500516.0273588,-645.9487827330178,145.06364114854676,1.1693583895677087,-5.233254683692731,-0.7495007674621283,0.27262662031808843
